Workbook

Sheet Summary
B2: META ADS — CLIENT AD SPEND REPORT
B3: Prepared by Josephine "Pen" Fitalvo — Social Media Manager & Real Estate VA
B4: Reporting Period: 12/13/2020 – 9/26/2024 | Account: Meta Ads (PHP)
B6: Total Ad Spend | C6: Total Refunds | D6: Net Spend | E6: Transactions
B7: =SUMIF(Transactions!C2:C326,"Payment",Transactions!E2:E326) -> 273198.1 | C7: =SUMIF(Transactions!C2:C326,"Refund",Transactions!E2:E326) -> -621.97 | D7: =B7+C7 -> 272576.13 | E7: =COUNTA(Transactions!A2:A326) -> 325
B10: Yearly Spend Breakdown
B11: Year | C11: Ad Spend (PHP) | D11: Refunds (PHP) | E11: Net (PHP) | F11: # Transactions
B12: 2020 | C12: =SUMIFS(Transactions!$E$2:$E$326,Transactions!$C$2:$C$326,"Payment",Transactions!$F$2:$F$326,$B12) -> 100 | D12: =SUMIFS(Transactions!$E$2:$E$326,Transactions!$C$2:$C$326,"Refund",Transactions!$F$2:$F$326,$B12) -> 0 | E12: =C12+D12 -> 100 | F12: =COUNTIFS(Transactions!$F$2:$F$326,$B12) -> 1
B13: 2021 | C13: =SUMIFS(Transactions!$E$2:$E$326,Transactions!$C$2:$C$326,"Payment",Transactions!$F$2:$F$326,$B13) -> 15100 | D13: =SUMIFS(Transactions!$E$2:$E$326,Transactions!$C$2:$C$326,"Refund",Transactions!$F$2:$F$326,$B13) -> 0 | E13: =C13+D13 -> 15100 | F13: =COUNTIFS(Transactions!$F$2:$F$326,$B13) -> 35
B14: 2022 | C14: =SUMIFS(Transactions!$E$2:$E$326,Transactions!$C$2:$C$326,"Payment",Transactions!$F$2:$F$326,$B14) -> 17978.38 | D14: =SUMIFS(Transactions!$E$2:$E$326,Transactions!$C$2:$C$326,"Refund",Transactions!$F$2:$F$326,$B14) -> -15.68 | E14: =C14+D14 -> 17962.7 | F14: =COUNTIFS(Transactions!$F$2:$F$326,$B14) -> 68
B15: 2023 | C15: =SUMIFS(Transactions!$E$2:$E$326,Transactions!$C$2:$C$326,"Payment",Transactions!$F$2:$F$326,$B15) -> 229021.61 | D15: =SUMIFS(Transactions!$E$2:$E$326,Transactions!$C$2:$C$326,"Refund",Transactions!$F$2:$F$326,$B15) -> -604.73 | E15: =C15+D15 -> 228416.88 | F15: =COUNTIFS(Transactions!$F$2:$F$326,$B15) -> 180
B16: 2024 | C16: =SUMIFS(Transactions!$E$2:$E$326,Transactions!$C$2:$C$326,"Payment",Transactions!$F$2:$F$326,$B16) -> 10998.11 | D16: =SUMIFS(Transactions!$E$2:$E$326,Transactions!$C$2:$C$326,"Refund",Transactions!$F$2:$F$326,$B16) -> -1.56 | E16: =C16+D16 -> 10996.55 | F16: =COUNTIFS(Transactions!$F$2:$F$326,$B16) -> 41
B17: Total | C17: =SUM(C12:C16) -> 273198.1 | D17: =SUM(D12:D16) -> -621.97 | E17: =SUM(E12:E16) -> 272576.13 | F17: =SUM(F12:F16) -> 325

Sheet Transactions
A1: Date | B1: Transaction ID | C1: Type | D1: Payment Method | E1: Amount (PHP) | F1: Year
A2: 44178 | B2: 3498323436947455-6705927 | C2: Payment | D2: Ad Account Balance | E2: 100 | F2: =YEAR(A2) -> 2020
A3: 44250 | B3: 3693367484109711-7085511 | C3: Payment | D3: MasterCard ···· 2794 | E3: 1000 | F3: =YEAR(A3) -> 2021
A4: 44252 | B4: 3783466535099810-7094480 | C4: Payment | D4: Ad Account Balance | E4: 201.15 | F4: =YEAR(A4) -> 2021
A5: 44253 | B5: 3701793839933745-7100024 | C5: Payment | D5: Ad Account Balance | E5: 204.63 | F5: =YEAR(A5) -> 2021
A6: 44254 | B6: 3642345602545241-7105799 | C6: Payment | D6: Ad Account Balance | E6: 194.09 | F6: =YEAR(A6) -> 2021
A7: 44273 | B7: 3749971608449302-7214076 | C7: Payment | D7: Ad Account Balance | E7: 97.98 | F7: =YEAR(A7) -> 2021
A8: 44274 | B8: 3763245350455257-7219712 | C8: Payment | D8: Ad Account Balance | E8: 98 | F8: =YEAR(A8) -> 2021
A9: 44275 | B9: 3756078407838622-7226218 | C9: Payment | D9: Ad Account Balance | E9: 104.62 | F9: =YEAR(A9) -> 2021
A10: 44276 | B10: 3817002018412922-7232188 | C10: Payment | D10: Ad Account Balance | E10: 99.34 | F10: =YEAR(A10) -> 2021
A11: 44300 | B11: 3891713840941739-7371363 | C11: Payment | D11: Ad Account Balance | E11: 2000 | F11: =YEAR(A11) -> 2021
A12: 44310 | B12: 4124188604360935-7424099 | C12: Payment | D12: Ad Account Balance | E12: 102.96 | F12: =YEAR(A12) -> 2021
A13: 44311 | B13: 3958855057560956-7429919 | C13: Payment | D13: Ad Account Balance | E13: 284.41 | F13: =YEAR(A13) -> 2021
... A326: 45561 | B326: 7115896085190155-14716590 | C326: Refund | D326: Ad Account Balance | E326: -0.02 | F326: =YEAR(A326) -> 2024
